COUNTRY_PERIOD_INDEX,OECD_RATING
AFG-1999,7
AFG-2000,7
AFG-2008,7
AFG-2009,7
AFG-2010,7
AFG-2011,7
AFG-2012,7
AFG-2013,7
AFG-2014,7
AFG-2015,7
AFG-2016,7
AFG-2017,7
AFG-2018,7
AFG-2019,7
AFG-2020,7
AFG-2021,7
AFG-2022,7
AFG-2023,7
ALB-1999,7
ALB-2000,7
ALB-2001,7
ALB-2002,7
ALB-2003,7
ALB-2004,7
ALB-2005,6
ALB-2006,6
ALB-2007,6
ALB-2008,6
ALB-2009,6
ALB-2010,6
ALB-2011,6
ALB-2012,6
ALB-2013,6
ALB-2014,6
ALB-2015,6
ALB-2016,6
ALB-2017,6
ALB-2018,6
ALB-2019,6
ALB-2020,5
ALB-2021,5
ALB-2022,5
ALB-2023,5
DZA-1999,6
DZA-2000,6
DZA-2001,5
DZA-2002,5
DZA-2003,4
DZA-2004,4
DZA-2005,4
DZA-2006,3
DZA-2007,3
DZA-2008,3
DZA-2009,3
DZA-2010,3
DZA-2011,3
DZA-2012,3
DZA-2013,3
DZA-2014,3
DZA-2015,3
DZA-2016,3
DZA-2017,4
DZA-2018,4
DZA-2019,4
DZA-2020,4
DZA-2021,5
DZA-2022,5
DZA-2023,5
AGO-1999,7
AGO-2000,7
AGO-2001,7
AGO-2002,7
AGO-2003,7
AGO-2004,7
AGO-2005,7
AGO-2006,7
AGO-2007,7
AGO-2008,7
AGO-2009,6
AGO-2010,6
AGO-2011,6
AGO-2012,6
AGO-2013,5
AGO-2014,5
AGO-2015,5
AGO-2016,5
AGO-2017,6
AGO-2018,6
AGO-2019,6
AGO-2020,6
AGO-2021,6
AGO-2022,6
AGO-2023,6
ATG-1999,7
ATG-2000,7
ATG-2001,7
ATG-2002,7
ATG-2003,7
ATG-2004,7
ATG-2005,7
ATG-2006,7
ATG-2007,7
ATG-2008,6
ATG-2009,6
ATG-2010,6
ATG-2011,6
ATG-2012,6
ATG-2013,6
ATG-2014,6
ATG-2015,1
ATG-2016,1
ATG-2017,1
ATG-2018,1
ATG-2019,1
ATG-2020,1
ATG-2021,1
ATG-2022,1
ATG-2023,1
ARG-1999,5
ARG-2000,5
ARG-2001,6
ARG-2002,6
ARG-2003,7
ARG-2004,7
ARG-2005,7
ARG-2006,7
ARG-2007,7
ARG-2008,7
ARG-2009,7
ARG-2010,7
ARG-2011,7
ARG-2012,7
ARG-2013,7
ARG-2014,7
ARG-2015,7
ARG-2016,7
ARG-2017,6
ARG-2018,6
ARG-2019,6
ARG-2020,7
ARG-2021,7
ARG-2022,7
ARG-2023,7
ARM-1999,7
ARM-2000,7
ARM-2001,7
ARM-2002,7
ARM-2003,7
ARM-2004,7
ARM-2005,7
ARM-2006,7
ARM-2007,6
ARM-2008,6
ARM-2009,6
ARM-2010,6
ARM-2011,6
ARM-2012,6
ARM-2013,6
ARM-2014,6
ARM-2015,6
ARM-2016,6
ARM-2017,6
ARM-2018,6
ARM-2019,6
ARM-2020,6
ARM-2021,6
ARM-2022,6
ARM-2023,6
ABW-2001,4
ABW-2002,4
ABW-2003,4
ABW-2004,4
ABW-2005,4
ABW-2006,4
ABW-2007,4
ABW-2014,4
ABW-2015,4
ABW-2016,4
ABW-2017,4
ABW-2018,4
ABW-2019,4
ABW-2020,4
ABW-2021,5
ABW-2022,6
ABW-2023,5
AUS-1999,1
AUS-2000,1
AUS-2001,1
AUS-2002,1
AUS-2003,1
AUS-2004,1
AUS-2005,1
AUS-2006,1
AUS-2007,1
AUS-2008,1
AUS-2009,1
AUS-2010,1
AUS-2011,1
AUS-2012,1
AUS-2013,1
AUS-2014,1
AUS-2015,1
AUS-2016,1
AUS-2017,1
AUS-2018,1
AUS-2019,1
AUS-2020,1
AUS-2021,1
AUS-2022,1
AUS-2023,1
AUT-1999,1
AUT-2000,1
AUT-2001,1
AUT-2002,1
AUT-2003,1
AUT-2004,1
AUT-2005,1
AUT-2006,1
AUT-2007,1
AUT-2008,1
AUT-2009,1
AUT-2010,1
AUT-2011,1
AUT-2012,1
AUT-2013,1
AUT-2014,1
AUT-2015,1
AUT-2016,1
AUT-2017,1
AUT-2018,1
AUT-2019,1
AUT-2020,1
AUT-2021,1
AUT-2022,1
AUT-2023,1
AZE-1999,7
AZE-2000,7
AZE-2001,7
AZE-2002,7
AZE-2003,6
AZE-2004,6
AZE-2005,6
AZE-2006,6
AZE-2007,5
AZE-2008,5
AZE-2009,5
AZE-2010,5
AZE-2011,5
AZE-2012,5
AZE-2013,5
AZE-2014,5
AZE-2015,5
AZE-2016,5
AZE-2017,5
AZE-2018,5
AZE-2019,5
AZE-2020,5
AZE-2021,5
AZE-2022,5
AZE-2023,4
BHS-1999,3
BHS-2000,3
BHS-2001,3
BHS-2002,3
BHS-2003,3
BHS-2004,3
BHS-2005,3
BHS-2006,3
BHS-2007,3
BHS-2008,3
BHS-2009,3
BHS-2010,3
BHS-2011,3
BHS-2012,3
BHS-2013,3
BHS-2014,3
BHS-2015,3
BHS-2016,3
BHS-2017,3
BHS-2018,3
BHS-2019,3
BHS-2020,3
BHS-2021,4
BHS-2022,4
BHS-2023,4
BHR-1999,3
BHR-2000,3
BHR-2001,3
BHR-2002,3
BHR-2003,3
BHR-2004,3
BHR-2005,3
BHR-2006,3
BHR-2007,2
BHR-2008,2
BHR-2009,2
BHR-2010,2
BHR-2011,3
BHR-2012,4
BHR-2013,4
BHR-2014,4
BHR-2015,4
BHR-2016,4
BHR-2017,4
BHR-2018,4
BHR-2019,4
BHR-2020,5
BHR-2021,5
BHR-2022,6
BHR-2023,6
BGD-1999,5
BGD-2000,5
BGD-2001,5
BGD-2002,5
BGD-2003,6
BGD-2004,6
BGD-2005,6
BGD-2006,6
BGD-2007,6
BGD-2008,6
BGD-2009,6
BGD-2010,6
BGD-2011,6
BGD-2012,6
BGD-2013,6
BGD-2014,6
BGD-2015,6
BGD-2016,5
BGD-2017,5
BGD-2018,5
BGD-2019,5
BGD-2020,5
BGD-2021,5
BGD-2022,5
BGD-2023,5
BLR-1999,7
BLR-2000,7
BLR-2001,7
BLR-2002,7
BLR-2003,7
BLR-2004,7
BLR-2005,7
BLR-2006,7
BLR-2007,7
BLR-2008,7
BLR-2009,7
BLR-2010,7
BLR-2011,7
BLR-2012,7
BLR-2013,7
BLR-2014,7
BLR-2015,7
BLR-2016,7
BLR-2017,7
BLR-2018,7
BLR-2019,6
BLR-2020,6
BLR-2021,6
BLR-2022,6
BLR-2023,7
BEL-1999,1
BEL-2000,1
BEL-2001,1
BEL-2002,1
BEL-2003,1
BEL-2004,1
BEL-2005,1
BEL-2006,1
BEL-2007,1
BEL-2008,1
BEL-2009,1
BEL-2010,1
BEL-2011,1
BEL-2012,1
BEL-2013,1
BEL-2014,1
BEL-2015,1
BEL-2016,1
BEL-2017,1
BEL-2018,1
BEL-2019,1
BEL-2020,1
BEL-2021,1
BEL-2022,1
BEL-2023,1
BLZ-1999,5
BLZ-2000,5
BLZ-2001,5
BLZ-2002,5
BLZ-2003,6
BLZ-2004,6
BLZ-2005,6
BLZ-2006,7
BLZ-2007,7
BLZ-2008,7
BLZ-2009,6
BLZ-2010,6
BLZ-2011,6
BLZ-2012,6
BLZ-2017,7
BLZ-2018,7
BEN-1999,6
BEN-2000,6
BEN-2001,7
BEN-2002,7
BEN-2003,7
BEN-2004,7
BEN-2005,7
BEN-2006,7
BEN-2007,7
BEN-2008,6
BEN-2009,6
BEN-2010,6
BEN-2011,6
BEN-2012,6
BEN-2013,6
BEN-2014,6
BEN-2015,1
BEN-2016,1
BEN-2017,1
BEN-2018,1
BEN-2019,1
BEN-2020,1
BEN-2021,1
BEN-2022,1
BEN-2023,1
BTN-1999,6
BTN-2000,6
BTN-2014,6
BTN-2015,6
BTN-2016,6
BTN-2017,6
BTN-2018,6
BTN-2019,6
BTN-2020,6
BTN-2021,6
BTN-2022,6
BTN-2023,6
BOL-1999,6
BOL-2000,6
BOL-2001,7
BOL-2002,7
BOL-2003,7
BOL-2004,7
BOL-2005,7
BOL-2006,7
BOL-2007,7
BOL-2008,7
BOL-2009,7
BOL-2010,7
BOL-2011,6
BOL-2012,6
BOL-2013,6
BOL-2014,6
BOL-2015,5
BOL-2016,5
BOL-2017,5
BOL-2018,5
BOL-2019,5
BOL-2020,5
BOL-2021,5
BOL-2022,6
BOL-2023,6
BIH-1999,7
BIH-2000,7
BIH-2001,7
BIH-2002,7
BIH-2003,7
BIH-2004,7
BIH-2005,7
BIH-2006,7
BIH-2007,7
BIH-2008,7
BIH-2009,7
BIH-2010,7
BIH-2011,7
BIH-2012,7
BIH-2013,7
BIH-2014,7
BIH-2015,7
BIH-2016,7
BIH-2017,7
BIH-2018,7
BIH-2019,7
BIH-2020,7
BIH-2021,7
BIH-2022,7
BIH-2023,7
BWA-1999,2
BWA-2000,2
BWA-2001,2
BWA-2002,2
BWA-2003,2
BWA-2004,2
BWA-2005,2
BWA-2006,2
BWA-2007,2
BWA-2008,2
BWA-2009,2
BWA-2010,3
BWA-2011,3
BWA-2012,3
BWA-2013,2
BWA-2014,2
BWA-2015,2
BWA-2016,2
BWA-2017,2
BWA-2018,2
BWA-2019,2
BWA-2020,2
BWA-2021,3
BWA-2022,3
BWA-2023,3
BRA-1999,5
BRA-2000,6
BRA-2001,6
BRA-2002,6
BRA-2003,6
BRA-2004,6
BRA-2005,6
BRA-2006,5
BRA-2007,4
BRA-2008,3
BRA-2009,3
BRA-2010,3
BRA-2011,3
BRA-2012,3
BRA-2013,3
BRA-2014,3
BRA-2015,3
BRA-2016,4
BRA-2017,5
BRA-2018,5
BRA-2019,5
BRA-2020,5
BRA-2021,5
BRA-2022,5
BRA-2023,5
BRN-1999,2
BRN-2000,2
BRN-2001,1
BRN-2002,1
BRN-2003,2
BRN-2004,2
BRN-2005,2
BRN-2006,2
BRN-2007,2
BRN-2008,2
BRN-2009,2
BRN-2010,2
BRN-2011,2
BRN-2012,2
BRN-2013,2
BRN-2014,2
BRN-2015,2
BGR-1999,6
BGR-2000,6
BGR-2001,6
BGR-2002,5
BGR-2003,5
BGR-2004,5
BGR-2005,4
BGR-2006,4
BGR-2007,4
BGR-2008,3
BGR-2009,3
BGR-2010,4
BGR-2011,4
BGR-2012,4
BGR-2013,4
BGR-2014,4
BGR-2015,4
BGR-2016,4
BGR-2017,4
BGR-2018,3
BGR-2019,3
BGR-2020,3
BGR-2021,3
BGR-2022,3
BGR-2023,3
BFA-1999,6
BFA-2000,7
BFA-2001,7
BFA-2002,7
BFA-2003,7
BFA-2004,7
BFA-2005,7
BFA-2006,7
BFA-2007,7
BFA-2008,7
BFA-2009,7
BFA-2010,7
BFA-2011,7
BFA-2012,7
BFA-2013,7
BFA-2014,7
BFA-2015,1
BFA-2016,1
BFA-2017,1
BFA-2018,1
BFA-2019,1
BFA-2020,1
BFA-2021,1
BFA-2022,1
BFA-2023,1
BDI-2008,7
BDI-2009,7
BDI-2010,7
BDI-2011,7
BDI-2012,7
BDI-2013,7
BDI-2014,7
BDI-2015,7
BDI-2016,7
BDI-2017,7
BDI-2018,7
BDI-2019,7
BDI-2020,7
BDI-2021,7
BDI-2022,7
BDI-2023,7
CPV-1999,6
CPV-2000,6
CPV-2001,6
CPV-2002,6
CPV-2003,7
CPV-2004,7
CPV-2005,7
CPV-2006,7
CPV-2007,6
CPV-2008,6
CPV-2009,5
CPV-2010,5
CPV-2011,6
CPV-2012,5
CPV-2013,6
CPV-2014,6
CPV-2015,6
CPV-2016,6
CPV-2017,6
CPV-2018,6
CPV-2019,6
CPV-2020,6
CPV-2021,6
CPV-2022,6
CPV-2023,6
KHM-2008,7
KHM-2009,6
KHM-2010,6
KHM-2011,6
KHM-2012,6
KHM-2013,6
KHM-2014,6
KHM-2015,6
KHM-2016,6
KHM-2017,6
KHM-2018,6
KHM-2019,6
KHM-2020,6
KHM-2021,6
KHM-2022,6
KHM-2023,6
CMR-1999,7
CMR-2000,7
CMR-2001,7
CMR-2002,7
CMR-2003,7
CMR-2004,7
CMR-2005,7
CMR-2006,7
CMR-2007,7
CMR-2008,7
CMR-2009,6
CMR-2010,6
CMR-2011,6
CMR-2012,6
CMR-2013,6
CMR-2014,6
CMR-2015,1
CMR-2016,1
CMR-2017,1
CMR-2018,1
CMR-2019,1
CMR-2020,1
CMR-2021,1
CMR-2022,1
CMR-2023,1
CAN-1999,1
CAN-2000,1
CAN-2001,1
CAN-2002,1
CAN-2003,1
CAN-2004,1
CAN-2005,1
CAN-2006,1
CAN-2007,1
CAN-2008,1
CAN-2009,1
CAN-2010,1
CAN-2011,1
CAN-2012,1
CAN-2013,1
CAN-2014,1
CAN-2015,1
CAN-2016,1
CAN-2017,1
CAN-2018,1
CAN-2019,1
CAN-2020,1
CAN-2021,1
CAN-2022,1
CAN-2023,1
CAF-1999,7
CAF-2000,7
CAF-2001,7
CAF-2002,7
CAF-2003,7
CAF-2004,7
CAF-2005,7
CAF-2006,7
CAF-2007,7
CAF-2008,7
CAF-2009,7
CAF-2010,7
CAF-2011,7
CAF-2012,7
CAF-2013,7
CAF-2014,7
CAF-2015,1
CAF-2016,1
CAF-2017,1
CAF-2018,1
CAF-2019,1
CAF-2020,1
CAF-2021,1
CAF-2022,1
CAF-2023,1
TCD-1999,7
TCD-2000,7
TCD-2001,7
TCD-2002,7
TCD-2003,7
TCD-2004,7
TCD-2005,7
TCD-2006,7
TCD-2007,7
TCD-2008,7
TCD-2009,7
TCD-2010,7
TCD-2011,7
TCD-2012,7
TCD-2013,7
TCD-2014,7
TCD-2015,1
TCD-2016,1
TCD-2017,1
TCD-2018,1
TCD-2019,1
TCD-2020,1
TCD-2021,1
TCD-2022,1
TCD-2023,1
CHL-1999,2
CHL-2000,2
CHL-2001,2
CHL-2002,2
CHL-2003,2
CHL-2004,2
CHL-2005,2
CHL-2006,2
CHL-2007,2
CHL-2008,2
CHL-2009,2
CHL-2010,2
CHL-2011,2
CHL-2012,2
CHL-2013,1
CHL-2014,1
CHL-2015,1
CHL-2016,1
CHL-2017,1
CHL-2018,1
CHL-2019,1
CHL-2020,1
CHL-2021,1
CHL-2022,1
CHL-2023,1
CHN-1999,2
CHN-2000,2
CHN-2001,2
CHN-2002,2
CHN-2003,2
CHN-2004,2
CHN-2005,2
CHN-2006,2
CHN-2007,2
CHN-2008,2
CHN-2009,2
CHN-2010,2
CHN-2011,2
CHN-2012,2
CHN-2013,2
CHN-2014,2
CHN-2015,2
CHN-2016,2
CHN-2017,2
CHN-2018,2
CHN-2019,2
CHN-2020,2
CHN-2021,2
CHN-2022,2
CHN-2023,2
COL-1999,4
COL-2000,5
COL-2001,5
COL-2002,5
COL-2003,6
COL-2004,6
COL-2005,5
COL-2006,5
COL-2007,4
COL-2008,4
COL-2009,4
COL-2010,4
COL-2011,4
COL-2012,4
COL-2013,4
COL-2014,4
COL-2015,4
COL-2016,4
COL-2017,4
COL-2018,4
COL-2019,4
COL-2020,4
COL-2021,4
COL-2022,4
COL-2023,4
COG-1999,7
COG-2000,7
COG-2001,7
COG-2002,7
COG-2003,7
COG-2004,7
COG-2005,7
COG-2006,7
COG-2007,7
COG-2008,7
COG-2009,7
COG-2010,7
COG-2011,7
COG-2012,6
COG-2013,6
COG-2014,6
COG-2015,1
COG-2016,1
COG-2017,1
COG-2018,1
COG-2019,1
COG-2020,1
COG-2021,1
COG-2022,1
COG-2023,1
CRI-1999,5
CRI-2000,4
CRI-2001,3
CRI-2002,3
CRI-2003,3
CRI-2004,3
CRI-2005,3
CRI-2006,3
CRI-2007,3
CRI-2008,3
CRI-2009,3
CRI-2010,3
CRI-2011,3
CRI-2012,3
CRI-2013,3
CRI-2014,3
CRI-2015,3
CRI-2016,3
CRI-2017,3
CRI-2018,3
CRI-2019,3
CRI-2020,3
CRI-2021,4
CRI-2022,4
CRI-2023,4
CIV-1999,6
CIV-2000,7
CIV-2001,7
CIV-2002,7
CIV-2003,7
CIV-2004,7
CIV-2005,7
CIV-2006,7
CIV-2007,7
CIV-2008,7
CIV-2009,7
CIV-2010,7
CIV-2011,7
CIV-2012,7
CIV-2013,7
CIV-2014,7
CIV-2015,1
CIV-2016,1
CIV-2017,1
CIV-2018,1
CIV-2019,1
CIV-2020,1
CIV-2021,1
CIV-2022,1
CIV-2023,1
HRV-1999,5
HRV-2000,5
HRV-2001,4
HRV-2002,4
HRV-2003,4
HRV-2004,4
HRV-2005,4
HRV-2006,4
HRV-2007,4
HRV-2008,4
HRV-2009,4
HRV-2010,5
HRV-2011,5
HRV-2012,5
HRV-2013,5
HRV-2014,5
HRV-2015,5
HRV-2016,5
HRV-2017,1
HRV-2018,1
HRV-2019,1
HRV-2020,1
HRV-2021,1
HRV-2022,1
HRV-2023,1
CUB-1999,7
CUB-2000,7
CUB-2001,7
CUB-2002,7
CUB-2003,7
CUB-2004,7
CUB-2005,7
CUB-2006,7
CUB-2007,7
CUB-2008,7
CUB-2009,7
CUB-2010,7
CUB-2011,7
CUB-2012,7
CUB-2013,7
CUB-2014,7
CUB-2015,7
CUB-2016,7
CUB-2017,7
CUB-2018,7
CUB-2019,7
CUB-2020,7
CUB-2021,7
CUB-2022,7
CUB-2023,7
CUW-2015,5
CUW-2016,5
CUW-2017,5
CUW-2018,5
CUW-2019,5
CUW-2020,5
CUW-2021,5
CUW-2022,5
CUW-2023,5
CYP-1999,3
CYP-2000,4
CYP-2001,3
CYP-2002,3
CYP-2003,3
CYP-2004,3
CYP-2005,3
CYP-2006,3
CYP-2007,2
CYP-2008,2
CYP-2009,1
CYP-2010,1
CYP-2011,1
CYP-2012,1
CZE-1999,2
CZE-2000,2
CZE-2001,2
CZE-2002,2
CZE-2003,2
CZE-2004,2
CZE-2005,2
CZE-2006,2
CZE-2007,1
CZE-2008,1
CZE-2009,1
CZE-2010,1
CZE-2011,1
CZE-2012,1
CZE-2013,1
CZE-2014,1
CZE-2015,1
CZE-2016,1
CZE-2017,1
CZE-2018,1
CZE-2019,1
CZE-2020,1
CZE-2021,1
CZE-2022,1
CZE-2023,1
PRK-1999,7
PRK-2000,7
PRK-2001,7
PRK-2002,7
PRK-2003,7
PRK-2004,7
PRK-2005,7
PRK-2006,7
PRK-2007,7
PRK-2008,7
PRK-2009,7
PRK-2010,7
PRK-2011,7
PRK-2012,7
PRK-2013,7
PRK-2014,7
PRK-2015,7
PRK-2016,7
PRK-2017,7
PRK-2018,7
PRK-2019,7
PRK-2020,7
PRK-2021,7
PRK-2022,7
PRK-2023,7
COD-1999,7
COD-2000,7
COD-2001,7
COD-2002,7
COD-2003,7
COD-2004,7
COD-2005,7
COD-2006,7
COD-2007,7
COD-2008,7
COD-2009,7
COD-2010,7
COD-2011,7
COD-2012,7
COD-2013,7
COD-2014,7
COD-2015,7
COD-2016,7
COD-2017,7
COD-2018,7
COD-2019,7
COD-2020,7
COD-2021,7
COD-2022,7
COD-2023,7
DNK-1999,1
DNK-2000,1
DNK-2001,1
DNK-2002,1
DNK-2003,1
DNK-2004,1
DNK-2005,1
DNK-2006,1
DNK-2007,1
DNK-2008,1
DNK-2009,1
DNK-2010,1
DNK-2011,1
DNK-2012,1
DNK-2013,1
DNK-2014,1
DNK-2015,1
DNK-2016,1
DNK-2017,1
DNK-2018,1
DNK-2019,1
DNK-2020,1
DNK-2021,1
DNK-2022,1
DNK-2023,1
DJI-2014,7
DJI-2015,7
DJI-2016,7
DJI-2017,7
DJI-2018,7
DJI-2019,7
DJI-2020,7
DJI-2021,7
DJI-2022,7
DJI-2023,7
DOM-1999,5
DOM-2000,5
DOM-2001,5
DOM-2002,5
DOM-2003,5
DOM-2004,6
DOM-2005,6
DOM-2006,6
DOM-2007,5
DOM-2008,5
DOM-2009,5
DOM-2010,5
DOM-2011,5
DOM-2012,5
DOM-2013,5
DOM-2014,5
DOM-2015,5
DOM-2016,5
DOM-2017,5
DOM-2018,4
DOM-2019,4
DOM-2020,4
DOM-2021,4
DOM-2022,4
DOM-2023,4
ECU-1999,6
ECU-2000,7
ECU-2001,7
ECU-2002,7
ECU-2003,7
ECU-2004,7
ECU-2005,7
ECU-2006,7
ECU-2007,7
ECU-2008,7
ECU-2009,7
ECU-2010,7
ECU-2011,7
ECU-2012,7
ECU-2013,7
ECU-2014,7
ECU-2015,6
ECU-2016,6
ECU-2017,6
ECU-2018,6
ECU-2019,6
ECU-2020,6
ECU-2021,7
ECU-2022,6
ECU-2023,6
EGY-1999,4
EGY-2000,4
EGY-2001,4
EGY-2002,4
EGY-2003,4
EGY-2004,4
EGY-2005,4
EGY-2006,4
EGY-2007,4
EGY-2008,4
EGY-2009,4
EGY-2010,4
EGY-2011,4
EGY-2012,4
EGY-2013,5
EGY-2014,6
EGY-2015,6
EGY-2016,6
EGY-2017,6
EGY-2018,6
EGY-2019,6
EGY-2020,5
EGY-2021,5
EGY-2022,5
EGY-2023,5
SLV-1999,4
SLV-2000,4
SLV-2001,4
SLV-2002,4
SLV-2003,4
SLV-2004,4
SLV-2005,4
SLV-2006,4
SLV-2007,4
SLV-2008,4
SLV-2009,4
SLV-2010,4
SLV-2011,4
SLV-2012,4
SLV-2013,4
SLV-2014,4
SLV-2015,1
SLV-2016,1
SLV-2017,1
SLV-2018,1
SLV-2019,1
SLV-2020,1
SLV-2021,1
SLV-2022,1
SLV-2023,1
GNQ-2001,7
GNQ-2002,7
GNQ-2003,7
GNQ-2004,7
GNQ-2005,7
GNQ-2006,7
GNQ-2007,7
GNQ-2008,7
GNQ-2009,7
GNQ-2010,7
GNQ-2011,7
GNQ-2012,7
GNQ-2013,7
GNQ-2014,7
GNQ-2015,1
GNQ-2016,1
GNQ-2017,1
GNQ-2018,1
GNQ-2019,1
GNQ-2020,1
GNQ-2021,1
GNQ-2022,1
GNQ-2023,1
ERI-2008,7
ERI-2009,7
ERI-2010,7
ERI-2011,7
ERI-2012,7
ERI-2013,7
ERI-2014,7
ERI-2015,7
ERI-2016,7
ERI-2017,7
ERI-2018,7
ERI-2019,7
ERI-2020,7
ERI-2021,7
ERI-2022,7
ERI-2023,7
EST-1999,3
EST-2000,3
EST-2001,3
EST-2002,3
EST-2003,3
EST-2004,3
EST-2005,3
EST-2006,2
EST-2007,2
EST-2008,2
EST-2009,2
EST-2010,3
EST-2011,4
EST-2012,1
EST-2013,1
EST-2014,1
EST-2015,1
EST-2016,1
EST-2017,1
EST-2018,1
EST-2019,1
EST-2020,1
EST-2021,1
EST-2022,1
EST-2023,1
SWZ-2008,6
SWZ-2009,6
SWZ-2010,6
SWZ-2011,6
SWZ-2012,6
SWZ-2013,6
SWZ-2014,6
SWZ-2015,6
SWZ-2016,6
SWZ-2017,6
SWZ-2018,6
SWZ-2019,6
SWZ-2020,6
SWZ-2021,6
SWZ-2022,6
SWZ-2023,6
ETH-1999,7
ETH-2000,7
ETH-2001,7
ETH-2002,7
ETH-2003,7
ETH-2004,7
ETH-2005,7
ETH-2006,7
ETH-2007,7
ETH-2008,7
ETH-2009,7
ETH-2010,7
ETH-2011,7
ETH-2012,7
ETH-2013,7
ETH-2014,7
ETH-2015,7
ETH-2016,7
ETH-2017,7
ETH-2018,7
ETH-2019,7
ETH-2020,7
ETH-2021,7
ETH-2022,7
ETH-2023,7
FJI-2015,6
FJI-2016,6
FJI-2017,6
FJI-2018,6
FJI-2019,5
FJI-2020,5
FJI-2021,5
FJI-2022,5
FJI-2023,5
FIN-1999,1
FIN-2000,1
FIN-2001,1
FIN-2002,1
FIN-2003,1
FIN-2004,1
FIN-2005,1
FIN-2006,1
FIN-2007,1
FIN-2008,1
FIN-2009,1
FIN-2010,1
FIN-2011,1
FIN-2012,1
FIN-2013,1
FIN-2014,1
FIN-2015,1
FIN-2016,1
FIN-2017,1
FIN-2018,1
FIN-2019,1
FIN-2020,1
FIN-2021,1
FIN-2022,1
FIN-2023,1
FRA-1999,1
FRA-2000,1
FRA-2001,1
FRA-2002,1
FRA-2003,1
FRA-2004,1
FRA-2005,1
FRA-2006,1
FRA-2007,1
FRA-2008,1
FRA-2009,1
FRA-2010,1
FRA-2011,1
FRA-2012,1
FRA-2013,1
FRA-2014,1
FRA-2015,1
FRA-2016,1
FRA-2017,1
FRA-2018,1
FRA-2019,1
FRA-2020,1
FRA-2021,1
FRA-2022,1
FRA-2023,1
GAB-1999,6
GAB-2000,6
GAB-2001,6
GAB-2002,6
GAB-2003,6
GAB-2004,7
GAB-2005,7
GAB-2006,6
GAB-2007,6
GAB-2008,6
GAB-2009,6
GAB-2010,6
GAB-2011,5
GAB-2012,5
GAB-2013,5
GAB-2014,5
GAB-2015,1
GAB-2016,1
GAB-2017,1
GAB-2018,1
GAB-2019,1
GAB-2020,1
GAB-2021,1
GAB-2022,1
GAB-2023,1
GMB-1999,7
GMB-2000,7
GMB-2001,7
GMB-2002,7
GMB-2003,7
GMB-2004,7
GMB-2005,7
GMB-2006,7
GMB-2007,7
GMB-2008,7
GMB-2009,7
GMB-2010,7
GMB-2011,7
GMB-2012,7
GMB-2013,7
GMB-2014,7
GMB-2015,7
GMB-2016,7
GMB-2017,7
GMB-2018,7
GMB-2019,7
GMB-2020,7
GMB-2021,7
GMB-2022,7
GMB-2023,7
GEO-1999,7
GEO-2000,7
GEO-2001,7
GEO-2002,7
GEO-2003,7
GEO-2004,7
GEO-2005,7
GEO-2006,7
GEO-2007,7
GEO-2008,6
GEO-2009,6
GEO-2010,6
GEO-2011,6
GEO-2012,6
GEO-2013,6
GEO-2014,6
GEO-2015,6
GEO-2016,6
GEO-2017,6
GEO-2018,6
GEO-2019,6
GEO-2020,6
GEO-2021,6
GEO-2022,6
GEO-2023,6
DEU-1999,1
DEU-2000,1
DEU-2001,1
DEU-2002,1
DEU-2003,1
DEU-2004,1
DEU-2005,1
DEU-2006,1
DEU-2007,1
DEU-2008,1
DEU-2009,1
DEU-2010,1
DEU-2011,1
DEU-2012,1
DEU-2013,1
DEU-2014,1
DEU-2015,1
DEU-2016,1
DEU-2017,1
DEU-2018,1
DEU-2019,1
DEU-2020,1
DEU-2021,1
DEU-2022,1
DEU-2023,1
GHA-1999,6
GHA-2000,5
GHA-2001,6
GHA-2002,7
GHA-2003,7
GHA-2004,7
GHA-2005,6
GHA-2006,6
GHA-2007,6
GHA-2008,6
GHA-2009,6
GHA-2010,6
GHA-2011,6
GHA-2012,5
GHA-2013,5
GHA-2014,5
GHA-2015,5
GHA-2016,6
GHA-2017,6
GHA-2018,6
GHA-2019,6
GHA-2020,6
GHA-2021,6
GHA-2022,6
GHA-2023,7
GRC-1999,1
GRC-2000,1
GRC-2001,1
GRC-2002,1
GRC-2003,1
GRC-2004,1
GRC-2005,1
GRC-2006,1
GRC-2007,1
GRC-2008,1
GRC-2009,1
GRC-2010,1
GRC-2011,1
GRC-2012,1
GRC-2013,1
GRC-2014,1
GRC-2015,1
GRC-2016,1
GRC-2017,1
GRC-2018,1
GRC-2019,1
GRC-2020,1
GRC-2021,1
GRC-2022,1
GRC-2023,1
GTM-1999,6
GTM-2000,6
GTM-2001,6
GTM-2002,6
GTM-2003,6
GTM-2004,6
GTM-2005,6
GTM-2006,6
GTM-2007,5
GTM-2008,5
GTM-2009,5
GTM-2010,5
GTM-2011,5
GTM-2012,5
GTM-2013,5
GTM-2014,5
GTM-2015,4
GTM-2016,4
GTM-2017,4
GTM-2018,4
GTM-2019,4
GTM-2020,4
GTM-2021,4
GTM-2022,4
GTM-2023,4
GIN-1999,7
GIN-2000,7
GIN-2001,7
GIN-2002,7
GIN-2003,7
GIN-2004,7
GIN-2005,7
GIN-2006,7
GIN-2007,7
GIN-2008,7
GIN-2009,7
GIN-2010,7
GIN-2011,7
GIN-2012,7
GIN-2013,7
GIN-2014,7
GIN-2015,7
GIN-2016,7
GIN-2017,7
GIN-2018,7
GIN-2019,7
GIN-2020,7
GIN-2021,7
GIN-2022,7
GIN-2023,7
GNB-1999,7
GNB-2000,7
GNB-2001,7
GNB-2002,7
GNB-2003,7
GNB-2004,7
GNB-2005,7
GNB-2006,7
GNB-2007,7
GNB-2008,7
GNB-2009,7
GNB-2010,7
GNB-2011,7
GNB-2012,7
GNB-2013,7
GNB-2014,7
GNB-2015,1
GNB-2016,1
GNB-2017,1
GNB-2018,1
GNB-2019,1
GNB-2020,1
GNB-2021,1
GNB-2022,1
GNB-2023,1
GUY-1999,7
GUY-2000,7
GUY-2001,7
GUY-2002,7
GUY-2003,7
GUY-2004,7
GUY-2005,7
GUY-2006,7
GUY-2007,7
GUY-2017,6
GUY-2018,6
GUY-2019,6
GUY-2020,6
GUY-2021,6
GUY-2022,6
GUY-2023,5
HTI-2001,7
HTI-2002,7
HTI-2003,7
HTI-2004,7
HTI-2005,7
HTI-2006,7
HTI-2007,7
HTI-2008,7
HTI-2009,7
HTI-2010,7
HTI-2011,7
HTI-2012,7
HTI-2013,7
HTI-2014,7
HTI-2015,7
HTI-2016,7
HTI-2017,7
HTI-2018,7
HTI-2019,7
HTI-2020,7
HTI-2021,7
HTI-2022,7
HTI-2023,7
HND-1999,6
HND-2000,7
HND-2001,7
HND-2002,7
HND-2003,7
HND-2004,7
HND-2005,7
HND-2006,7
HND-2007,7
HND-2008,6
HND-2009,6
HND-2010,6
HND-2011,6
HND-2012,6
HND-2013,6
HND-2014,6
HND-2015,6
HND-2016,6
HND-2017,5
HND-2018,5
HND-2019,5
HND-2020,5
HND-2021,5
HND-2022,5
HND-2023,5
HKG-1999,2
HKG-2000,2
HKG-2001,2
HKG-2002,2
HKG-2003,2
HKG-2004,2
HKG-2005,2
HKG-2006,2
HKG-2007,2
HKG-2008,1
HKG-2009,1
HKG-2010,1
HKG-2011,1
HKG-2012,1
HKG-2013,1
HKG-2014,1
HKG-2015,1
HKG-2016,1
HKG-2017,1
HKG-2018,2
HKG-2019,2
HKG-2020,2
HKG-2021,3
HKG-2022,2
HKG-2023,2
HUN-1999,3
HUN-2000,2
HUN-2001,2
HUN-2002,2
HUN-2003,2
HUN-2004,2
HUN-2005,2
HUN-2006,2
HUN-2007,2
HUN-2008,3
HUN-2009,3
HUN-2010,1
HUN-2011,1
HUN-2012,1
HUN-2013,1
HUN-2014,1
HUN-2015,1
HUN-2016,1
HUN-2017,1
HUN-2018,1
HUN-2019,1
HUN-2020,1
HUN-2021,1
HUN-2022,1
HUN-2023,1
ISL-1999,1
ISL-2000,1
ISL-2001,1
ISL-2002,1
ISL-2003,1
ISL-2004,1
ISL-2005,1
ISL-2006,1
ISL-2007,1
ISL-2008,1
ISL-2009,1
ISL-2010,1
ISL-2011,1
ISL-2012,1
ISL-2013,1
ISL-2014,1
ISL-2015,1
ISL-2016,1
ISL-2017,1
ISL-2018,1
ISL-2019,1
ISL-2020,1
ISL-2021,1
ISL-2022,1
ISL-2023,1
IND-1999,3
IND-2000,3
IND-2001,3
IND-2002,3
IND-2003,3
IND-2004,3
IND-2005,3
IND-2006,3
IND-2007,3
IND-2008,3
IND-2009,3
IND-2010,3
IND-2011,3
IND-2012,3
IND-2013,3
IND-2014,3
IND-2015,3
IND-2016,3
IND-2017,3
IND-2018,3
IND-2019,3
IND-2020,3
IND-2021,3
IND-2022,3
IND-2023,3
IDN-1999,6
IDN-2000,6
IDN-2001,6
IDN-2002,6
IDN-2003,6
IDN-2004,6
IDN-2005,6
IDN-2006,5
IDN-2007,5
IDN-2008,5
IDN-2009,5
IDN-2010,5
IDN-2011,4
IDN-2012,4
IDN-2013,3
IDN-2014,3
IDN-2015,3
IDN-2016,3
IDN-2017,3
IDN-2018,3
IDN-2019,3
IDN-2020,3
IDN-2021,3
IDN-2022,3
IDN-2023,3
IRN-1999,5
IRN-2000,6
IRN-2001,5
IRN-2002,4
IRN-2003,4
IRN-2004,4
IRN-2005,4
IRN-2006,4
IRN-2007,5
IRN-2008,6
IRN-2009,6
IRN-2010,6
IRN-2011,6
IRN-2012,6
IRN-2013,7
IRN-2014,7
IRN-2015,7
IRN-2016,7
IRN-2017,6
IRN-2018,6
IRN-2019,6
IRN-2020,6
IRN-2021,7
IRN-2022,7
IRN-2023,7
IRQ-1999,7
IRQ-2000,7
IRQ-2001,7
IRQ-2002,7
IRQ-2003,7
IRQ-2004,7
IRQ-2005,7
IRQ-2006,7
IRQ-2007,7
IRQ-2008,7
IRQ-2009,7
IRQ-2010,7
IRQ-2011,7
IRQ-2012,7
IRQ-2013,7
IRQ-2014,7
IRQ-2015,7
IRQ-2016,7
IRQ-2017,7
IRQ-2018,7
IRQ-2019,7
IRQ-2020,7
IRQ-2021,7
IRQ-2022,7
IRQ-2023,7
IRL-1999,1
IRL-2000,1
IRL-2001,1
IRL-2002,1
IRL-2003,1
IRL-2004,1
IRL-2005,1
IRL-2006,1
IRL-2007,1
IRL-2008,1
IRL-2009,1
IRL-2010,1
IRL-2011,1
IRL-2012,1
IRL-2013,1
IRL-2014,1
IRL-2015,1
IRL-2016,1
IRL-2017,1
IRL-2018,1
IRL-2019,1
IRL-2020,1
IRL-2021,1
IRL-2022,1
IRL-2023,1
ISR-1999,3
ISR-2000,3
ISR-2001,3
ISR-2002,3
ISR-2003,3
ISR-2004,3
ISR-2005,3
ISR-2006,3
ISR-2007,3
ISR-2008,3
ISR-2009,3
ISR-2010,3
ISR-2011,1
ISR-2012,1
ITA-1999,1
ITA-2000,1
ITA-2001,1
ITA-2002,1
ITA-2003,1
ITA-2004,1
ITA-2005,1
ITA-2006,1
ITA-2007,1
ITA-2008,1
ITA-2009,1
ITA-2010,1
ITA-2011,1
ITA-2012,1
ITA-2013,1
ITA-2014,1
ITA-2015,1
ITA-2016,1
ITA-2017,1
ITA-2018,1
ITA-2019,1
ITA-2020,1
ITA-2021,1
ITA-2022,1
ITA-2023,1
JAM-1999,5
JAM-2000,5
JAM-2001,5
JAM-2002,5
JAM-2003,5
JAM-2004,6
JAM-2005,6
JAM-2006,6
JAM-2007,6
JAM-2008,6
JAM-2009,6
JAM-2010,6
JAM-2011,6
JAM-2012,6
JAM-2013,7
JAM-2014,7
JAM-2015,7
JAM-2016,7
JAM-2017,7
JAM-2018,6
JAM-2019,6
JAM-2020,6
JAM-2021,6
JAM-2022,6
JAM-2023,6
JPN-1999,1
JPN-2000,1
JPN-2001,1
JPN-2002,1
JPN-2003,1
JPN-2004,1
JPN-2005,1
JPN-2006,1
JPN-2007,1
JPN-2008,1
JPN-2009,1
JPN-2010,1
JPN-2011,1
JPN-2012,1
JPN-2013,1
JPN-2014,1
JPN-2015,1
JPN-2016,1
JPN-2017,1
JPN-2018,1
JPN-2019,1
JPN-2020,1
JPN-2021,1
JPN-2022,1
JPN-2023,1
JOR-1999,5
JOR-2000,6
JOR-2001,6
JOR-2002,6
JOR-2003,6
JOR-2004,6
JOR-2005,5
JOR-2006,5
JOR-2007,5
JOR-2008,5
JOR-2009,5
JOR-2010,5
JOR-2011,5
JOR-2012,5
JOR-2013,5
JOR-2014,5
JOR-2015,5
JOR-2016,5
JOR-2017,5
JOR-2018,5
JOR-2019,5
JOR-2020,5
JOR-2021,5
JOR-2022,5
JOR-2023,5
KAZ-1999,6
KAZ-2000,7
KAZ-2001,6
KAZ-2002,6
KAZ-2003,6
KAZ-2004,5
KAZ-2005,5
KAZ-2006,4
KAZ-2007,4
KAZ-2008,4
KAZ-2009,4
KAZ-2010,5
KAZ-2011,5
KAZ-2012,5
KAZ-2013,5
KAZ-2014,5
KAZ-2015,5
KAZ-2016,5
KAZ-2017,6
KAZ-2018,6
KAZ-2019,6
KAZ-2020,5
KAZ-2021,5
KAZ-2022,5
KAZ-2023,5
KEN-1999,6
KEN-2000,6
KEN-2001,6
KEN-2002,6
KEN-2003,7
KEN-2004,7
KEN-2005,6
KEN-2006,6
KEN-2007,6
KEN-2008,6
KEN-2009,6
KEN-2010,6
KEN-2011,6
KEN-2012,6
KEN-2013,6
KEN-2014,6
KEN-2015,6
KEN-2016,6
KEN-2017,6
KEN-2018,6
KEN-2019,6
KEN-2020,6
KEN-2021,6
KEN-2022,6
KEN-2023,7
KOR-1999,1
KOR-2000,1
KOR-2001,1
KOR-2002,2
KOR-2003,2
KOR-2004,1
KOR-2005,1
KOR-2006,1
KOR-2007,1
KOR-2008,1
KOR-2009,1
KOR-2010,1
KOR-2011,1
KOR-2012,1
KOR-2013,1
KOR-2014,1
KOR-2015,1
KOR-2016,1
KOR-2017,1
KOR-2018,1
KOR-2019,1
KOR-2020,1
KOR-2021,1
KOR-2022,1
KOR-2023,1
XKV-2012,7
XKV-2013,7
XKV-2014,7
XKV-2015,7
XKV-2016,7
XKV-2017,7
XKV-2018,7
XKV-2019,7
XKV-2020,7
XKV-2021,6
XKV-2022,6
XKV-2023,6
KWT-1999,3
KWT-2000,3
KWT-2001,3
KWT-2002,2
KWT-2003,2
KWT-2004,2
KWT-2005,2
KWT-2006,2
KWT-2007,2
KWT-2008,2
KWT-2009,2
KWT-2010,2
KWT-2011,2
KWT-2012,2
KWT-2013,2
KWT-2014,2
KWT-2015,2
KWT-2016,2
KWT-2017,2
KWT-2018,2
KWT-2019,2
KWT-2020,2
KWT-2021,2
KWT-2022,2
KWT-2023,2
KGZ-1999,7
KGZ-2000,7
KGZ-2001,7
KGZ-2002,7
KGZ-2003,7
KGZ-2004,7
KGZ-2005,7
KGZ-2006,7
KGZ-2007,7
KGZ-2008,7
KGZ-2009,7
KGZ-2010,7
KGZ-2011,7
KGZ-2012,7
KGZ-2013,7
KGZ-2014,7
KGZ-2015,7
KGZ-2016,7
KGZ-2017,7
KGZ-2018,7
KGZ-2019,7
KGZ-2020,7
KGZ-2021,7
KGZ-2022,7
KGZ-2023,7
LAO-2001,7
LAO-2002,7
LAO-2003,7
LAO-2004,7
LAO-2005,7
LAO-2006,7
LAO-2007,7
LAO-2008,7
LAO-2009,7
LAO-2010,7
LAO-2011,7
LAO-2012,7
LAO-2013,7
LAO-2014,7
LAO-2015,7
LAO-2016,7
LAO-2017,7
LAO-2018,7
LAO-2019,7
LAO-2020,7
LAO-2021,7
LAO-2022,7
LAO-2023,7
LVA-1999,4
LVA-2000,4
LVA-2001,4
LVA-2002,4
LVA-2003,4
LVA-2004,3
LVA-2005,3
LVA-2006,2
LVA-2007,2
LVA-2008,3
LVA-2009,3
LVA-2010,4
LVA-2011,5
LVA-2012,5
LVA-2013,1
LVA-2014,1
LVA-2015,1
LVA-2016,1
LVA-2017,1
LVA-2018,1
LVA-2019,1
LVA-2020,1
LVA-2021,1
LVA-2022,1
LVA-2023,1
LBN-1999,5
LBN-2000,5
LBN-2001,5
LBN-2002,6
LBN-2003,7
LBN-2004,7
LBN-2005,7
LBN-2006,7
LBN-2007,7
LBN-2008,7
LBN-2009,7
LBN-2010,7
LBN-2011,7
LBN-2012,7
LBN-2013,7
LBN-2014,7
LBN-2015,7
LBN-2016,7
LBN-2017,7
LBN-2018,7
LBN-2019,7
LBN-2020,7
LBN-2021,7
LBN-2022,7
LBN-2023,7
LSO-1999,4
LSO-2000,5
LSO-2001,6
LSO-2002,6
LSO-2003,6
LSO-2004,6
LSO-2005,6
LSO-2006,6
LSO-2007,6
LSO-2008,6
LSO-2009,5
LSO-2010,5
LSO-2011,5
LSO-2012,5
LSO-2013,5
LSO-2014,5
LSO-2015,5
LSO-2016,5
LSO-2017,5
LSO-2018,6
LSO-2019,6
LSO-2020,6
LSO-2021,6
LSO-2022,6
LSO-2023,6
LBR-1999,7
LBR-2000,7
LBR-2001,7
LBR-2002,7
LBR-2003,7
LBR-2004,7
LBR-2005,7
LBR-2006,7
LBR-2007,7
LBR-2008,7
LBR-2009,7
LBR-2010,7
LBR-2011,7
LBR-2012,7
LBR-2013,7
LBR-2014,7
LBR-2015,7
LBR-2016,7
LBR-2017,7
LBR-2018,7
LBR-2019,7
LBR-2020,7
LBR-2021,7
LBR-2022,7
LBR-2023,7
LBY-1999,7
LBY-2000,7
LBY-2001,7
LBY-2002,7
LBY-2003,7
LBY-2004,7
LBY-2005,7
LBY-2006,7
LBY-2007,6
LBY-2008,6
LBY-2009,6
LBY-2010,6
LBY-2011,6
LBY-2012,7
LBY-2013,7
LBY-2014,7
LBY-2015,7
LBY-2016,7
LBY-2017,7
LBY-2018,7
LBY-2019,7
LBY-2020,7
LBY-2021,7
LBY-2022,7
LBY-2023,7
LTU-1999,5
LTU-2000,5
LTU-2001,5
LTU-2002,5
LTU-2003,4
LTU-2004,3
LTU-2005,3
LTU-2006,2
LTU-2007,2
LTU-2008,2
LTU-2009,2
LTU-2010,3
LTU-2011,4
LTU-2012,4
LTU-2013,1
LTU-2014,1
LTU-2015,1
LTU-2016,1
LTU-2017,1
LTU-2018,1
LTU-2019,1
LTU-2020,1
LTU-2021,1
LTU-2022,1
LTU-2023,1
LUX-1999,1
LUX-2000,1
LUX-2001,1
LUX-2002,1
LUX-2003,1
LUX-2004,1
LUX-2005,1
LUX-2006,1
LUX-2007,1
LUX-2008,1
LUX-2009,1
LUX-2010,1
LUX-2011,1
LUX-2012,1
LUX-2013,1
LUX-2014,1
LUX-2015,1
LUX-2016,1
LUX-2017,1
LUX-2018,1
LUX-2019,1
LUX-2020,1
LUX-2021,1
LUX-2022,1
LUX-2023,1
MAC-1999,2
MAC-2000,2
MAC-2001,2
MAC-2002,2
MAC-2003,2
MAC-2004,2
MAC-2005,2
MAC-2006,2
MAC-2007,2
MAC-2014,2
MAC-2015,2
MAC-2016,2
MAC-2017,2
MAC-2018,2
MAC-2019,2
MAC-2020,2
MDG-1999,7
MDG-2000,7
MDG-2001,7
MDG-2002,7
MDG-2003,7
MDG-2004,7
MDG-2005,7
MDG-2006,7
MDG-2007,7
MDG-2008,7
MDG-2009,6
MDG-2010,6
MDG-2011,6
MDG-2012,7
MDG-2013,7
MDG-2014,7
MDG-2015,7
MDG-2016,7
MDG-2017,7
MDG-2018,7
MDG-2019,7
MDG-2020,7
MDG-2021,7
MDG-2022,7
MDG-2023,7
MWI-1999,7
MWI-2000,7
MWI-2001,7
MWI-2002,7
MWI-2003,7
MWI-2004,7
MWI-2005,7
MWI-2006,7
MWI-2007,7
MWI-2008,7
MWI-2009,7
MWI-2010,7
MWI-2011,7
MWI-2012,7
MWI-2013,7
MWI-2014,7
MWI-2015,7
MWI-2016,7
MWI-2017,7
MWI-2018,7
MWI-2019,7
MWI-2020,7
MWI-2021,7
MWI-2022,7
MWI-2023,7
MYS-1999,2
MYS-2000,3
MYS-2001,2
MYS-2002,2
MYS-2003,2
MYS-2004,2
MYS-2005,2
MYS-2006,2
MYS-2007,2
MYS-2008,2
MYS-2009,2
MYS-2010,2
MYS-2011,2
MYS-2012,2
MYS-2013,2
MYS-2014,2
MYS-2015,2
MYS-2016,2
MYS-2017,2
MYS-2018,2
MYS-2019,2
MYS-2020,2
MYS-2021,2
MYS-2022,2
MYS-2023,2
MDV-1999,5
MDV-2000,5
MDV-2001,5
MDV-2002,5
MDV-2003,5
MDV-2004,5
MDV-2005,5
MDV-2006,5
MDV-2007,5
MDV-2008,5
MDV-2009,6
MDV-2010,7
MDV-2011,7
MDV-2012,7
MDV-2013,7
MDV-2014,7
MDV-2015,7
MDV-2016,6
MDV-2017,6
MDV-2018,6
MDV-2019,6
MDV-2020,6
MDV-2021,7
MDV-2022,7
MDV-2023,7
MLI-1999,7
MLI-2000,7
MLI-2001,7
MLI-2002,7
MLI-2003,7
MLI-2004,7
MLI-2005,6
MLI-2006,6
MLI-2007,6
MLI-2008,6
MLI-2009,6
MLI-2010,6
MLI-2011,6
MLI-2012,6
MLI-2013,7
MLI-2014,7
MLI-2015,1
MLI-2016,1
MLI-2017,1
MLI-2018,1
MLI-2019,1
MLI-2020,1
MLI-2021,1
MLI-2022,1
MLI-2023,1
MLT-1999,2
MLT-2000,3
MLT-2001,3
MLT-2002,3
MLT-2003,3
MLT-2004,3
MLT-2005,3
MLT-2006,2
MLT-2007,2
MLT-2008,2
MLT-2009,1
MLT-2010,1
MLT-2011,1
MLT-2012,1
MLT-2017,1
MLT-2018,1
MLT-2019,1
MLT-2020,1
MLT-2021,1
MLT-2022,1
MLT-2023,1
MRT-1999,7
MRT-2000,7
MRT-2001,7
MRT-2002,7
MRT-2003,7
MRT-2004,7
MRT-2005,7
MRT-2006,7
MRT-2007,7
MRT-2008,7
MRT-2009,7
MRT-2010,7
MRT-2011,7
MRT-2012,7
MRT-2013,7
MRT-2014,7
MRT-2015,7
MRT-2016,7
MRT-2017,7
MRT-2018,7
MRT-2019,7
MRT-2020,7
MRT-2021,7
MRT-2022,7
MRT-2023,7
MUS-1999,2
MUS-2000,3
MUS-2001,3
MUS-2002,3
MUS-2003,3
MUS-2004,3
MUS-2005,3
MUS-2006,3
MUS-2007,3
MUS-2008,3
MUS-2009,3
MUS-2010,3
MUS-2011,3
MUS-2012,3
MUS-2013,3
MUS-2014,3
MUS-2015,3
MUS-2016,3
MUS-2017,3
MUS-2018,3
MUS-2019,3
MUS-2020,3
MUS-2021,3
MUS-2022,3
MUS-2023,3
MEX-1999,4
MEX-2000,4
MEX-2001,3
MEX-2002,3
MEX-2003,3
MEX-2004,3
MEX-2005,3
MEX-2006,2
MEX-2007,2
MEX-2008,2
MEX-2009,2
MEX-2010,3
MEX-2011,3
MEX-2012,3
MEX-2013,3
MEX-2014,3
MEX-2015,3
MEX-2016,3
MEX-2017,3
MEX-2018,3
MEX-2019,3
MEX-2020,3
MEX-2021,3
MEX-2022,3
MEX-2023,3
MDA-1999,7
MDA-2000,7
MDA-2001,7
MDA-2002,7
MDA-2003,7
MDA-2004,7
MDA-2005,7
MDA-2006,7
MDA-2007,7
MDA-2008,7
MDA-2009,7
MDA-2010,7
MDA-2011,7
MDA-2012,7
MDA-2013,7
MDA-2014,7
MDA-2015,7
MDA-2016,7
MDA-2017,7
MDA-2018,7
MDA-2019,7
MDA-2020,7
MDA-2021,7
MDA-2022,7
MDA-2023,7
MNG-1999,7
MNG-2000,7
MNG-2001,7
MNG-2002,7
MNG-2003,7
MNG-2004,7
MNG-2005,7
MNG-2006,7
MNG-2007,7
MNG-2008,7
MNG-2009,6
MNG-2010,6
MNG-2011,6
MNG-2012,5
MNG-2013,5
MNG-2014,5
MNG-2015,6
MNG-2016,6
MNG-2017,6
MNG-2018,6
MNG-2019,6
MNG-2020,6
MNG-2021,7
MNG-2022,7
MNG-2023,7
MNE-2009,6
MNE-2010,6
MNE-2011,6
MNE-2012,6
MNE-2013,6
MNE-2014,6
MNE-2015,6
MNE-2016,7
MNE-2017,7
MNE-2018,7
MNE-2019,7
MNE-2020,7
MNE-2021,7
MNE-2022,7
MNE-2023,7
MAR-1999,4
MAR-2000,4
MAR-2001,4
MAR-2002,4
MAR-2003,4
MAR-2004,4
MAR-2005,4
MAR-2006,4
MAR-2007,3
MAR-2008,3
MAR-2009,3
MAR-2010,3
MAR-2011,3
MAR-2012,3
MAR-2013,3
MAR-2014,3
MAR-2015,3
MAR-2016,3
MAR-2017,3
MAR-2018,3
MAR-2019,3
MAR-2020,3
MAR-2021,3
MAR-2022,3
MAR-2023,3
MOZ-1999,7
MOZ-2000,7
MOZ-2001,7
MOZ-2002,7
MOZ-2003,7
MOZ-2004,7
MOZ-2005,7
MOZ-2006,7
MOZ-2007,7
MOZ-2008,6
MOZ-2009,6
MOZ-2010,6
MOZ-2011,6
MOZ-2012,6
MOZ-2013,6
MOZ-2014,6
MOZ-2015,6
MOZ-2016,7
MOZ-2017,7
MOZ-2018,7
MOZ-2019,7
MOZ-2020,7
MOZ-2021,7
MOZ-2022,7
MOZ-2023,7
MMR-1999,7
MMR-2000,7
MMR-2001,7
MMR-2002,7
MMR-2003,7
MMR-2004,7
MMR-2005,7
MMR-2006,7
MMR-2007,7
MMR-2008,7
MMR-2009,7
MMR-2010,7
MMR-2011,7
MMR-2012,7
MMR-2013,7
MMR-2014,7
MMR-2015,7
MMR-2016,7
MMR-2017,7
MMR-2018,6
MMR-2019,6
MMR-2020,6
MMR-2021,6
MMR-2022,7
MMR-2023,7
NAM-2006,4
NAM-2007,3
NAM-2008,3
NAM-2009,3
NAM-2010,3
NAM-2011,3
NAM-2012,3
NAM-2013,3
NAM-2014,3
NAM-2015,3
NAM-2016,3
NAM-2017,4
NAM-2018,4
NAM-2019,4
NAM-2020,5
NAM-2021,6
NAM-2022,6
NAM-2023,6
NPL-1999,6
NPL-2000,6
NPL-2001,6
NPL-2002,7
NPL-2003,7
NPL-2004,7
NPL-2005,7
NPL-2006,7
NPL-2007,7
NPL-2008,7
NPL-2009,7
NPL-2010,7
NPL-2011,7
NPL-2012,7
NPL-2013,7
NPL-2014,7
NPL-2015,6
NPL-2016,6
NPL-2017,6
NPL-2018,6
NPL-2019,6
NPL-2020,6
NPL-2021,6
NPL-2022,6
NPL-2023,6
NLD-1999,1
NLD-2000,1
NLD-2001,1
NLD-2002,1
NLD-2003,1
NLD-2004,1
NLD-2005,1
NLD-2006,1
NLD-2007,1
NLD-2008,1
NLD-2009,1
NLD-2010,1
NLD-2011,1
NLD-2012,1
NLD-2013,1
NLD-2014,1
NLD-2015,1
NLD-2016,1
NLD-2017,1
NLD-2018,1
NLD-2019,1
NLD-2020,1
NLD-2021,1
NLD-2022,1
NLD-2023,1
NZL-1999,1
NZL-2000,1
NZL-2001,1
NZL-2002,1
NZL-2003,1
NZL-2004,1
NZL-2005,1
NZL-2006,1
NZL-2007,1
NZL-2008,1
NZL-2009,1
NZL-2010,1
NZL-2011,1
NZL-2012,1
NZL-2013,1
NZL-2014,1
NZL-2015,1
NZL-2016,1
NZL-2017,1
NZL-2018,1
NZL-2019,1
NZL-2020,1
NZL-2021,1
NZL-2022,1
NZL-2023,1
NIC-1999,7
NIC-2000,7
NIC-2001,7
NIC-2002,7
NIC-2003,7
NIC-2004,7
NIC-2005,7
NIC-2006,7
NIC-2007,7
NIC-2008,7
NIC-2009,7
NIC-2010,7
NIC-2011,7
NIC-2012,7
NIC-2013,7
NIC-2014,7
NIC-2015,7
NIC-2016,7
NIC-2017,7
NIC-2018,6
NIC-2019,7
NIC-2020,7
NIC-2021,7
NIC-2022,7
NIC-2023,7
NER-1999,7
NER-2000,7
NER-2001,7
NER-2002,7
NER-2003,7
NER-2004,7
NER-2005,7
NER-2006,7
NER-2007,7
NER-2008,7
NER-2009,7
NER-2010,7
NER-2011,7
NER-2012,7
NER-2013,7
NER-2014,7
NER-2015,1
NER-2016,1
NER-2017,1
NER-2018,1
NER-2019,1
NER-2020,1
NER-2021,1
NER-2022,1
NER-2023,1
NGA-1999,7
NGA-2000,7
NGA-2001,7
NGA-2002,7
NGA-2003,7
NGA-2004,7
NGA-2005,7
NGA-2006,7
NGA-2007,7
NGA-2008,6
NGA-2009,6
NGA-2010,6
NGA-2011,5
NGA-2012,5
NGA-2013,5
NGA-2014,5
NGA-2015,5
NGA-2016,5
NGA-2017,6
NGA-2018,6
NGA-2019,6
NGA-2020,6
NGA-2021,6
NGA-2022,6
NGA-2023,6
MKD-1999,7
MKD-2000,7
MKD-2001,7
MKD-2002,7
MKD-2003,7
MKD-2004,7
MKD-2005,7
MKD-2006,7
MKD-2007,6
MKD-2008,5
MKD-2009,5
MKD-2010,5
MKD-2011,5
MKD-2012,5
MKD-2013,5
MKD-2014,5
MKD-2015,5
MKD-2016,5
MKD-2017,5
MKD-2018,5
MKD-2019,5
MKD-2020,5
MKD-2021,5
MKD-2022,5
MKD-2023,5
NOR-1999,1
NOR-2000,1
NOR-2001,1
NOR-2002,1
NOR-2003,1
NOR-2004,1
NOR-2005,1
NOR-2006,1
NOR-2007,1
NOR-2008,1
NOR-2009,1
NOR-2010,1
NOR-2011,1
NOR-2012,1
NOR-2013,1
NOR-2014,1
NOR-2015,1
NOR-2016,1
NOR-2017,1
NOR-2018,1
NOR-2019,1
NOR-2020,1
NOR-2021,1
NOR-2022,1
NOR-2023,1
OMN-1999,3
OMN-2000,4
OMN-2001,4
OMN-2002,3
OMN-2003,3
OMN-2004,3
OMN-2005,2
OMN-2006,2
OMN-2007,2
OMN-2008,2
OMN-2009,2
OMN-2010,2
OMN-2011,2
OMN-2012,2
OMN-2013,2
OMN-2014,2
OMN-2015,2
OMN-2016,2
OMN-2017,3
OMN-2018,3
OMN-2019,4
OMN-2020,4
OMN-2021,5
OMN-2022,6
OMN-2023,5
PAK-1999,7
PAK-2000,7
PAK-2001,7
PAK-2002,7
PAK-2003,7
PAK-2004,7
PAK-2005,6
PAK-2006,6
PAK-2007,6
PAK-2008,6
PAK-2009,6
PAK-2010,7
PAK-2011,7
PAK-2012,7
PAK-2013,7
PAK-2014,7
PAK-2015,7
PAK-2016,7
PAK-2017,7
PAK-2018,7
PAK-2019,7
PAK-2020,7
PAK-2021,7
PAK-2022,7
PAK-2023,7
PAN-1999,4
PAN-2000,4
PAN-2001,4
PAN-2002,4
PAN-2003,4
PAN-2004,4
PAN-2005,4
PAN-2006,4
PAN-2007,4
PAN-2008,3
PAN-2009,3
PAN-2010,3
PAN-2011,3
PAN-2012,3
PAN-2013,3
PAN-2014,3
PAN-2015,1
PAN-2016,1
PAN-2017,1
PAN-2018,1
PAN-2019,1
PAN-2020,1
PAN-2021,1
PAN-2022,1
PAN-2023,1
PNG-1999,5
PNG-2000,5
PNG-2001,5
PNG-2002,5
PNG-2003,5
PNG-2004,6
PNG-2005,6
PNG-2006,6
PNG-2007,5
PNG-2008,5
PNG-2009,5
PNG-2010,5
PNG-2011,5
PNG-2012,5
PNG-2013,5
PNG-2014,5
PNG-2015,5
PNG-2016,5
PNG-2017,6
PNG-2018,6
PNG-2019,6
PNG-2020,6
PNG-2021,6
PNG-2022,6
PNG-2023,6
PRY-1999,5
PRY-2000,5
PRY-2001,6
PRY-2002,6
PRY-2003,6
PRY-2004,7
PRY-2005,7
PRY-2006,6
PRY-2007,6
PRY-2008,6
PRY-2009,5
PRY-2010,5
PRY-2011,5
PRY-2012,5
PRY-2013,5
PRY-2014,5
PRY-2015,5
PRY-2016,5
PRY-2017,5
PRY-2018,5
PRY-2019,5
PRY-2020,5
PRY-2021,5
PRY-2022,5
PRY-2023,5
PER-1999,6
PER-2000,5
PER-2001,5
PER-2002,5
PER-2003,5
PER-2004,5
PER-2005,5
PER-2006,4
PER-2007,4
PER-2008,4
PER-2009,3
PER-2010,3
PER-2011,3
PER-2012,3
PER-2013,3
PER-2014,3
PER-2015,3
PER-2016,3
PER-2017,3
PER-2018,3
PER-2019,3
PER-2020,3
PER-2021,3
PER-2022,3
PER-2023,3
PHL-1999,3
PHL-2000,3
PHL-2001,3
PHL-2002,4
PHL-2003,4
PHL-2004,5
PHL-2005,5
PHL-2006,5
PHL-2007,5
PHL-2008,5
PHL-2009,4
PHL-2010,4
PHL-2011,4
PHL-2012,4
PHL-2013,4
PHL-2014,3
PHL-2015,3
PHL-2016,3
PHL-2017,3
PHL-2018,3
PHL-2019,3
PHL-2020,3
PHL-2021,3
PHL-2022,3
PHL-2023,3
POL-1999,3
POL-2000,2
POL-2001,2
POL-2002,2
POL-2003,2
POL-2004,2
POL-2005,2
POL-2006,2
POL-2007,2
POL-2008,2
POL-2009,2
POL-2010,2
POL-2011,2
POL-2012,1
POL-2013,1
POL-2014,1
POL-2015,1
POL-2016,1
POL-2017,1
POL-2018,1
POL-2019,1
POL-2020,1
POL-2021,1
POL-2022,1
POL-2023,1
PRT-1999,1
PRT-2000,1
PRT-2001,1
PRT-2002,1
PRT-2003,1
PRT-2004,1
PRT-2005,1
PRT-2006,1
PRT-2007,1
PRT-2008,1
PRT-2009,1
PRT-2010,1
PRT-2011,1
PRT-2012,1
PRT-2013,1
PRT-2014,1
PRT-2015,1
PRT-2016,1
PRT-2017,1
PRT-2018,1
PRT-2019,1
PRT-2020,1
PRT-2021,1
PRT-2022,1
PRT-2023,1
QAT-1999,4
QAT-2000,4
QAT-2001,4
QAT-2002,3
QAT-2003,3
QAT-2004,3
QAT-2005,2
QAT-2006,2
QAT-2007,2
QAT-2008,2
QAT-2009,2
QAT-2010,2
QAT-2011,2
QAT-2012,2
QAT-2013,2
QAT-2014,3
QAT-2015,3
QAT-2016,3
QAT-2017,3
QAT-2018,3
QAT-2019,3
QAT-2020,3
QAT-2021,3
QAT-2022,3
QAT-2023,3
ROU-1999,6
ROU-2000,6
ROU-2001,6
ROU-2002,6
ROU-2003,6
ROU-2004,5
ROU-2005,4
ROU-2006,4
ROU-2007,4
ROU-2008,3
ROU-2009,3
ROU-2010,4
ROU-2011,4
ROU-2012,4
ROU-2013,4
ROU-2014,4
ROU-2015,4
ROU-2016,3
ROU-2017,3
ROU-2018,3
ROU-2019,3
ROU-2020,3
ROU-2021,3
ROU-2022,3
ROU-2023,3
RUS-1999,7
RUS-2000,7
RUS-2001,6
RUS-2002,6
RUS-2003,5
RUS-2004,4
RUS-2005,4
RUS-2006,4
RUS-2007,4
RUS-2008,3
RUS-2009,3
RUS-2010,4
RUS-2011,4
RUS-2012,3
RUS-2013,3
RUS-2014,3
RUS-2015,3
RUS-2016,4
RUS-2017,4
RUS-2018,4
RUS-2019,4
RUS-2020,4
RUS-2021,4
RUS-2022,4
RUS-2023,7
RWA-1999,7
RWA-2000,7
RWA-2001,7
RWA-2002,7
RWA-2003,7
RWA-2004,7
RWA-2005,7
RWA-2006,7
RWA-2007,7
RWA-2008,7
RWA-2009,7
RWA-2010,7
RWA-2011,7
RWA-2012,7
RWA-2013,7
RWA-2014,7
RWA-2015,7
RWA-2016,6
RWA-2017,6
RWA-2018,6
RWA-2019,6
RWA-2020,6
RWA-2021,6
RWA-2022,6
RWA-2023,6
KNA-2001,4
KNA-2002,4
KNA-2003,5
KNA-2004,6
KNA-2005,7
KNA-2006,7
KNA-2007,7
VCT-1999,6
VCT-2000,7
VCT-2001,7
VCT-2002,4
VCT-2003,5
VCT-2004,5
VCT-2005,5
VCT-2006,5
VCT-2007,5
STP-2001,7
STP-2002,7
STP-2003,7
STP-2004,7
STP-2005,7
STP-2006,7
STP-2007,7
SAU-1999,3
SAU-2000,3
SAU-2001,3
SAU-2002,3
SAU-2003,3
SAU-2004,3
SAU-2005,3
SAU-2006,2
SAU-2007,2
SAU-2008,2
SAU-2009,2
SAU-2010,2
SAU-2011,2
SAU-2012,2
SAU-2013,2
SAU-2014,2
SAU-2015,2
SAU-2016,2
SAU-2017,2
SAU-2018,2
SAU-2019,2
SAU-2020,2
SAU-2021,2
SAU-2022,2
SAU-2023,2
SEN-1999,6
SEN-2000,6
SEN-2001,6
SEN-2002,6
SEN-2003,6
SEN-2004,6
SEN-2005,6
SEN-2006,6
SEN-2007,6
SEN-2008,6
SEN-2009,6
SEN-2010,6
SEN-2011,6
SEN-2012,6
SEN-2013,6
SEN-2014,6
SEN-2015,1
SEN-2016,1
SEN-2017,1
SEN-2018,1
SEN-2019,1
SEN-2020,1
SEN-2021,1
SEN-2022,1
SEN-2023,1
SRB-1999,7
SRB-2000,7
SRB-2001,7
SRB-2002,7
SRB-2003,7
SRB-2004,7
SRB-2005,7
SRB-2006,7
SRB-2007,7
SRB-2008,7
SRB-2009,7
SRB-2010,7
SRB-2011,6
SRB-2012,6
SRB-2013,6
SRB-2014,6
SRB-2015,6
SRB-2016,6
SRB-2017,6
SRB-2018,5
SRB-2019,5
SRB-2020,5
SRB-2021,4
SRB-2022,4
SRB-2023,4
SYC-1999,6
SYC-2000,7
SYC-2001,7
SYC-2002,7
SYC-2003,7
SYC-2004,7
SYC-2005,7
SYC-2006,7
SYC-2007,7
SYC-2014,7
SYC-2015,7
SYC-2016,7
SYC-2017,6
SYC-2018,6
SLE-2001,7
SLE-2002,7
SLE-2003,7
SLE-2004,7
SLE-2005,7
SLE-2006,7
SLE-2007,7
SLE-2008,7
SLE-2009,7
SLE-2010,7
SLE-2011,7
SLE-2012,7
SLE-2013,7
SLE-2014,7
SLE-2015,7
SLE-2016,7
SLE-2017,7
SLE-2018,7
SLE-2019,7
SLE-2020,7
SLE-2021,7
SLE-2022,7
SLE-2023,7
SGP-1999,1
SGP-2000,1
SGP-2001,1
SGP-2002,1
SGP-2003,1
SGP-2004,1
SGP-2005,1
SGP-2006,1
SGP-2007,1
SGP-2008,1
SGP-2009,1
SGP-2010,1
SGP-2011,1
SGP-2012,1
SGP-2013,1
SGP-2014,1
SGP-2015,1
SGP-2016,1
SGP-2017,1
SGP-2018,1
SGP-2019,1
SGP-2020,1
SGP-2021,1
SGP-2022,1
SGP-2023,1
SVK-1999,4
SVK-2000,4
SVK-2001,3
SVK-2002,3
SVK-2003,3
SVK-2004,3
SVK-2005,3
SVK-2006,2
SVK-2007,1
SVK-2008,1
SVK-2009,1
SVK-2010,1
SVK-2011,1
SVK-2012,1
SVK-2013,1
SVK-2014,1
SVK-2015,1
SVK-2016,1
SVK-2017,1
SVK-2018,1
SVK-2019,1
SVK-2020,1
SVK-2021,1
SVK-2022,1
SVK-2023,1
SVN-1999,2
SVN-2000,2
SVN-2001,2
SVN-2002,2
SVN-2003,2
SVN-2004,2
SVN-2005,2
SVN-2006,2
SVN-2007,1
SVN-2008,1
SVN-2009,1
SVN-2010,1
SVN-2011,1
SVN-2012,1
SVN-2013,1
SVN-2014,1
SVN-2015,1
SVN-2016,1
SVN-2017,1
SVN-2018,1
SVN-2019,1
SVN-2020,1
SVN-2021,1
SVN-2022,1
SVN-2023,1
SLB-2001,6
SLB-2002,7
SLB-2003,7
SLB-2004,7
SLB-2005,7
SOM-1999,7
SOM-2000,7
SOM-2001,7
SOM-2002,7
SOM-2003,7
SOM-2004,7
SOM-2005,7
SOM-2006,7
SOM-2007,7
SOM-2008,7
SOM-2009,7
SOM-2010,7
SOM-2011,7
SOM-2012,7
SOM-2013,7
SOM-2014,7
SOM-2015,7
SOM-2016,7
SOM-2017,7
SOM-2018,7
SOM-2019,7
SOM-2020,7
SOM-2021,7
SOM-2022,7
SOM-2023,7
ZAF-1999,3
ZAF-2000,3
ZAF-2001,4
ZAF-2002,4
ZAF-2003,4
ZAF-2004,3
ZAF-2005,3
ZAF-2006,3
ZAF-2007,3
ZAF-2008,3
ZAF-2009,3
ZAF-2010,3
ZAF-2011,3
ZAF-2012,3
ZAF-2013,3
ZAF-2014,3
ZAF-2015,3
ZAF-2016,4
ZAF-2017,4
ZAF-2018,4
ZAF-2019,4
ZAF-2020,4
ZAF-2021,4
ZAF-2022,4
ZAF-2023,4
SSD-2014,7
SSD-2015,7
SSD-2016,7
SSD-2017,7
SSD-2018,7
SSD-2019,7
SSD-2020,7
SSD-2021,7
SSD-2022,7
SSD-2023,7
ESP-1999,1
ESP-2000,1
ESP-2001,1
ESP-2002,1
ESP-2003,1
ESP-2004,1
ESP-2005,1
ESP-2006,1
ESP-2007,1
ESP-2008,1
ESP-2009,1
ESP-2010,1
ESP-2011,1
ESP-2012,1
ESP-2013,1
ESP-2014,1
ESP-2015,1
ESP-2016,1
ESP-2017,1
ESP-2018,1
ESP-2019,1
ESP-2020,1
ESP-2021,1
ESP-2022,1
ESP-2023,1
LKA-1999,5
LKA-2000,5
LKA-2001,5
LKA-2002,5
LKA-2003,5
LKA-2004,5
LKA-2005,5
LKA-2006,5
LKA-2007,5
LKA-2008,5
LKA-2009,6
LKA-2010,6
LKA-2011,6
LKA-2012,6
LKA-2013,6
LKA-2014,6
LKA-2015,6
LKA-2016,6
LKA-2017,6
LKA-2018,6
LKA-2019,6
LKA-2020,6
LKA-2021,6
LKA-2022,7
LKA-2023,7
SDN-1999,7
SDN-2000,7
SDN-2001,7
SDN-2002,7
SDN-2003,7
SDN-2004,7
SDN-2005,7
SDN-2006,7
SDN-2007,7
SDN-2008,7
SDN-2009,7
SDN-2010,7
SDN-2011,7
SDN-2012,7
SDN-2013,7
SDN-2014,7
SDN-2015,7
SDN-2016,7
SDN-2017,7
SDN-2018,7
SDN-2019,7
SDN-2020,7
SDN-2021,7
SDN-2022,7
SDN-2023,7
SUR-2001,7
SUR-2002,7
SUR-2003,7
SUR-2004,7
SUR-2005,7
SUR-2006,7
SUR-2007,7
SUR-2014,6
SUR-2015,6
SUR-2016,6
SUR-2017,6
SUR-2018,6
SUR-2019,6
SUR-2020,6
SUR-2021,7
SUR-2022,7
SUR-2023,7
SWE-1999,1
SWE-2000,1
SWE-2001,1
SWE-2002,1
SWE-2003,1
SWE-2004,1
SWE-2005,1
SWE-2006,1
SWE-2007,1
SWE-2008,1
SWE-2009,1
SWE-2010,1
SWE-2011,1
SWE-2012,1
SWE-2013,1
SWE-2014,1
SWE-2015,1
SWE-2016,1
SWE-2017,1
SWE-2018,1
SWE-2019,1
SWE-2020,1
SWE-2021,1
SWE-2022,1
SWE-2023,1
CHE-1999,1
CHE-2000,1
CHE-2001,1
CHE-2002,1
CHE-2003,1
CHE-2004,1
CHE-2005,1
CHE-2006,1
CHE-2007,1
CHE-2008,1
CHE-2009,1
CHE-2010,1
CHE-2011,1
CHE-2012,1
CHE-2013,1
CHE-2014,1
CHE-2015,1
CHE-2016,1
CHE-2017,1
CHE-2018,1
CHE-2019,1
CHE-2020,1
CHE-2021,1
CHE-2022,1
CHE-2023,1
SYR-1999,7
SYR-2000,7
SYR-2001,7
SYR-2002,7
SYR-2003,7
SYR-2004,7
SYR-2005,7
SYR-2006,7
SYR-2007,7
SYR-2008,7
SYR-2009,7
SYR-2010,6
SYR-2011,6
SYR-2012,7
SYR-2013,7
SYR-2014,7
SYR-2015,7
SYR-2016,7
SYR-2017,7
SYR-2018,7
SYR-2019,7
SYR-2020,7
SYR-2021,7
SYR-2022,7
SYR-2023,7
TWN-1999,1
TWN-2000,1
TWN-2001,1
TWN-2002,1
TWN-2003,1
TWN-2004,1
TWN-2005,1
TWN-2006,1
TWN-2007,1
TWN-2008,1
TWN-2009,1
TWN-2010,1
TWN-2011,1
TWN-2012,1
TWN-2013,1
TWN-2014,1
TWN-2015,1
TWN-2016,1
TWN-2017,1
TWN-2018,1
TWN-2019,1
TWN-2020,1
TWN-2021,1
TWN-2022,1
TWN-2023,1
TJK-1999,7
TJK-2000,7
TJK-2001,7
TJK-2002,7
TJK-2003,7
TJK-2004,7
TJK-2005,7
TJK-2006,7
TJK-2007,7
TJK-2008,7
TJK-2009,7
TJK-2010,7
TJK-2011,7
TJK-2012,7
TJK-2013,7
TJK-2014,7
TJK-2015,7
TJK-2016,7
TJK-2017,7
TJK-2018,7
TJK-2019,7
TJK-2020,7
TJK-2021,7
TJK-2022,7
TJK-2023,7
TZA-1999,7
TZA-2000,7
TZA-2001,7
TZA-2002,7
TZA-2003,7
TZA-2004,7
TZA-2005,6
TZA-2006,6
TZA-2007,6
TZA-2008,6
TZA-2009,6
TZA-2010,6
TZA-2011,6
TZA-2012,6
TZA-2013,6
TZA-2014,6
TZA-2015,6
TZA-2016,6
TZA-2017,6
TZA-2018,6
TZA-2019,6
TZA-2020,6
TZA-2021,6
TZA-2022,6
TZA-2023,6
THA-1999,4
THA-2000,4
THA-2001,3
THA-2002,3
THA-2003,3
THA-2004,3
THA-2005,3
THA-2006,3
THA-2007,3
THA-2008,3
THA-2009,3
THA-2010,3
THA-2011,3
THA-2012,3
THA-2013,3
THA-2014,3
THA-2015,3
THA-2016,3
THA-2017,3
THA-2018,3
THA-2019,3
THA-2020,3
THA-2021,3
THA-2022,3
THA-2023,3
TLS-2014,6
TLS-2015,6
TLS-2016,6
TLS-2017,6
TLS-2018,6
TLS-2019,6
TLS-2020,6
TLS-2021,6
TLS-2022,6
TLS-2023,6
TGO-1999,7
TGO-2000,7
TGO-2001,7
TGO-2002,7
TGO-2003,7
TGO-2004,7
TGO-2005,7
TGO-2006,7
TGO-2007,7
TGO-2008,7
TGO-2009,7
TGO-2010,7
TGO-2011,7
TGO-2012,7
TGO-2013,7
TGO-2014,7
TGO-2015,1
TGO-2016,1
TGO-2017,1
TGO-2018,1
TGO-2019,1
TGO-2020,1
TGO-2021,1
TGO-2022,1
TGO-2023,1
TTO-1999,3
TTO-2000,3
TTO-2001,2
TTO-2002,2
TTO-2003,2
TTO-2004,2
TTO-2005,2
TTO-2006,2
TTO-2007,2
TTO-2008,2
TTO-2009,2
TTO-2010,2
TTO-2011,2
TTO-2012,2
TTO-2013,2
TTO-2014,2
TTO-2015,2
TTO-2016,2
TTO-2017,3
TTO-2018,3
TTO-2019,3
TTO-2020,3
TTO-2021,3
TTO-2022,3
TTO-2023,3
TUN-1999,3
TUN-2000,3
TUN-2001,3
TUN-2002,3
TUN-2003,3
TUN-2004,3
TUN-2005,3
TUN-2006,3
TUN-2007,3
TUN-2008,3
TUN-2009,3
TUN-2010,3
TUN-2011,3
TUN-2012,3
TUN-2013,3
TUN-2014,4
TUN-2015,4
TUN-2016,4
TUN-2017,4
TUN-2018,5
TUN-2019,5
TUN-2020,5
TUN-2021,6
TUN-2022,6
TUN-2023,7
TUR-1999,5
TUR-2000,5
TUR-2001,5
TUR-2002,6
TUR-2003,6
TUR-2004,6
TUR-2005,5
TUR-2006,5
TUR-2007,5
TUR-2008,5
TUR-2009,4
TUR-2010,4
TUR-2011,4
TUR-2012,4
TUR-2013,4
TUR-2014,4
TUR-2015,4
TUR-2016,4
TUR-2017,4
TUR-2018,4
TUR-2019,5
TUR-2020,5
TUR-2021,5
TUR-2022,5
TUR-2023,5
TKM-1999,7
TKM-2000,7
TKM-2001,7
TKM-2002,7
TKM-2003,7
TKM-2004,7
TKM-2005,7
TKM-2006,7
TKM-2007,7
TKM-2008,7
TKM-2009,6
TKM-2010,6
TKM-2011,6
TKM-2012,6
TKM-2013,6
TKM-2014,6
TKM-2015,6
TKM-2016,6
TKM-2017,6
TKM-2018,6
TKM-2019,6
TKM-2020,6
TKM-2021,7
TKM-2022,7
TKM-2023,7
UGA-1999,6
UGA-2000,7
UGA-2001,7
UGA-2002,7
UGA-2003,7
UGA-2004,7
UGA-2005,7
UGA-2006,7
UGA-2007,7
UGA-2008,6
UGA-2009,6
UGA-2010,6
UGA-2011,6
UGA-2012,6
UGA-2013,6
UGA-2014,6
UGA-2015,6
UGA-2016,6
UGA-2017,6
UGA-2018,6
UGA-2019,6
UGA-2020,6
UGA-2021,6
UGA-2022,6
UGA-2023,6
UKR-1999,7
UKR-2000,7
UKR-2001,7
UKR-2002,7
UKR-2003,7
UKR-2004,7
UKR-2005,6
UKR-2006,6
UKR-2007,6
UKR-2008,5
UKR-2009,5
UKR-2010,7
UKR-2011,7
UKR-2012,7
UKR-2013,7
UKR-2014,7
UKR-2015,7
UKR-2016,7
UKR-2017,7
UKR-2018,7
UKR-2019,7
UKR-2020,7
UKR-2021,6
UKR-2022,6
UKR-2023,6
ARE-1999,2
ARE-2000,2
ARE-2001,2
ARE-2002,2
ARE-2003,2
ARE-2004,2
ARE-2005,2
ARE-2006,2
ARE-2007,2
ARE-2008,2
ARE-2009,2
ARE-2010,2
ARE-2011,3
ARE-2012,3
ARE-2013,3
ARE-2014,2
ARE-2015,2
ARE-2016,2
ARE-2017,2
ARE-2018,2
ARE-2019,2
ARE-2020,2
ARE-2021,2
ARE-2022,2
ARE-2023,2
GBR-1999,1
GBR-2000,1
GBR-2001,1
GBR-2002,1
GBR-2003,1
GBR-2004,1
GBR-2005,1
GBR-2006,1
GBR-2007,1
GBR-2008,1
GBR-2009,1
GBR-2010,1
GBR-2011,1
GBR-2012,1
GBR-2013,1
GBR-2014,1
GBR-2015,1
GBR-2016,1
GBR-2017,1
GBR-2018,1
GBR-2019,1
GBR-2020,1
GBR-2021,1
GBR-2022,1
GBR-2023,1
USA-1999,1
USA-2000,1
USA-2001,1
USA-2002,1
USA-2003,1
USA-2004,1
USA-2005,1
USA-2006,1
USA-2007,1
USA-2008,1
USA-2009,1
USA-2010,1
USA-2011,1
USA-2012,1
USA-2013,1
USA-2014,1
USA-2015,1
USA-2016,1
USA-2017,1
USA-2018,1
USA-2019,1
USA-2020,1
USA-2021,1
USA-2022,1
USA-2023,1
URY-1999,4
URY-2000,4
URY-2001,3
URY-2002,3
URY-2003,6
URY-2004,6
URY-2005,6
URY-2006,6
URY-2007,5
URY-2008,4
URY-2009,4
URY-2010,4
URY-2011,4
URY-2012,3
URY-2013,3
URY-2014,3
URY-2015,3
URY-2016,3
URY-2017,3
URY-2018,3
URY-2019,3
URY-2020,3
URY-2021,3
URY-2022,3
URY-2023,3
UZB-1999,7
UZB-2000,7
UZB-2001,7
UZB-2002,7
UZB-2003,7
UZB-2004,7
UZB-2005,7
UZB-2006,7
UZB-2007,7
UZB-2008,7
UZB-2009,6
UZB-2010,6
UZB-2011,6
UZB-2012,6
UZB-2013,6
UZB-2014,6
UZB-2015,6
UZB-2016,6
UZB-2017,6
UZB-2018,6
UZB-2019,6
UZB-2020,5
UZB-2021,5
UZB-2022,5
UZB-2023,5
VEN-1999,5
VEN-2000,5
VEN-2001,5
VEN-2002,4
VEN-2003,6
VEN-2004,7
VEN-2005,6
VEN-2006,6
VEN-2007,6
VEN-2008,6
VEN-2009,6
VEN-2010,7
VEN-2011,7
VEN-2012,7
VEN-2013,7
VEN-2014,7
VEN-2015,7
VEN-2016,7
VEN-2017,7
VEN-2018,7
VEN-2019,7
VEN-2020,7
VEN-2021,7
VEN-2022,7
VEN-2023,7
VNM-1999,6
VNM-2000,6
VNM-2001,6
VNM-2002,6
VNM-2003,5
VNM-2004,5
VNM-2005,5
VNM-2006,5
VNM-2007,5
VNM-2008,4
VNM-2009,4
VNM-2010,5
VNM-2011,5
VNM-2012,5
VNM-2013,5
VNM-2014,5
VNM-2015,5
VNM-2016,5
VNM-2017,5
VNM-2018,5
VNM-2019,5
VNM-2020,4
VNM-2021,4
VNM-2022,4
VNM-2023,4
PSE-2014,7
PSE-2015,7
PSE-2016,7
PSE-2017,7
PSE-2018,7
PSE-2019,7
PSE-2020,7
PSE-2021,7
PSE-2022,7
PSE-2023,7
YEM-1999,7
YEM-2000,7
YEM-2001,7
YEM-2002,6
YEM-2003,6
YEM-2004,6
YEM-2005,6
YEM-2006,6
YEM-2007,6
YEM-2008,6
YEM-2009,6
YEM-2010,6
YEM-2011,7
YEM-2012,7
YEM-2013,7
YEM-2014,7
YEM-2015,7
YEM-2016,7
YEM-2017,7
YEM-2018,7
YEM-2019,7
YEM-2020,7
YEM-2021,7
YEM-2022,7
YEM-2023,7
ZMB-1999,7
ZMB-2000,7
ZMB-2001,7
ZMB-2002,7
ZMB-2003,7
ZMB-2004,7
ZMB-2005,7
ZMB-2006,7
ZMB-2007,7
ZMB-2008,6
ZMB-2009,6
ZMB-2010,6
ZMB-2011,6
ZMB-2012,6
ZMB-2013,6
ZMB-2014,5
ZMB-2015,5
ZMB-2016,5
ZMB-2017,6
ZMB-2018,6
ZMB-2019,6
ZMB-2020,7
ZMB-2021,7
ZMB-2022,7
ZMB-2023,7
ZWE-1999,5
ZWE-2000,6
ZWE-2001,7
ZWE-2002,7
ZWE-2003,7
ZWE-2004,7
ZWE-2005,7
ZWE-2006,7
ZWE-2007,7
ZWE-2008,7
ZWE-2009,7
ZWE-2010,7
ZWE-2011,7
ZWE-2012,7
ZWE-2013,7
ZWE-2014,7
ZWE-2015,7
ZWE-2016,7
ZWE-2017,7
ZWE-2018,7
ZWE-2019,7
ZWE-2020,7
ZWE-2021,7
ZWE-2022,7
ZWE-2023,7
